date,variant,max,shop
2026-09-18,pm-1tb-black,340000,ichiban
2026-09-18,pm-1tb-burgundy,340000,ichiban
2026-09-18,pm-1tb-glacier,340000,ichiban
2026-09-18,pm-1tb-silver,340000,ichiban
2026-09-18,pm-256-black,263000,ichiban
2026-09-18,pm-256-burgundy,263000,ichiban
2026-09-18,pm-256-glacier,263000,ichiban
2026-09-18,pm-256-silver,263000,ichiban
2026-09-18,pm-2tb-black,435000,ichiban
2026-09-18,pm-2tb-burgundy,435000,ichiban
2026-09-18,pm-2tb-glacier,435000,ichiban
2026-09-18,pm-2tb-silver,435000,ichiban
2026-09-18,pm-512-black,285000,ichiban
2026-09-18,pm-512-burgundy,285000,ichiban
2026-09-18,pm-512-glacier,285000,ichiban
2026-09-18,pm-512-silver,285000,ichiban
2026-09-22,pm-1tb-black,352000,morimori
2026-09-22,pm-1tb-burgundy,352000,morimori
2026-09-22,pm-1tb-glacier,352000,morimori
2026-09-22,pm-1tb-silver,352000,morimori
2026-09-22,pm-256-black,264000,morimori
2026-09-22,pm-256-burgundy,264000,morimori
2026-09-22,pm-256-glacier,264000,morimori
2026-09-22,pm-256-silver,264000,morimori
2026-09-22,pm-2tb-black,438000,mix
2026-09-22,pm-2tb-burgundy,438000,mix
2026-09-22,pm-2tb-glacier,438000,mix
2026-09-22,pm-2tb-silver,438000,mix
2026-09-22,pm-512-black,286000,morimori
2026-09-22,pm-512-burgundy,286000,morimori
2026-09-22,pm-512-glacier,286000,morimori
2026-09-22,pm-512-silver,286000,morimori
2026-09-24,pm-1tb-black,355000,ichiban
2026-09-24,pm-1tb-burgundy,355000,morimori
2026-09-24,pm-1tb-glacier,350000,morimori
2026-09-24,pm-1tb-silver,348000,morimori
2026-09-24,pm-256-black,265000,ichiban
2026-09-24,pm-256-burgundy,266500,mix
2026-09-24,pm-256-glacier,249000,morimori
2026-09-24,pm-256-silver,248000,ichiban
2026-09-24,pm-2tb-black,437000,morimori
2026-09-24,pm-2tb-burgundy,437000,morimori
2026-09-24,pm-2tb-glacier,436000,morimori
2026-09-24,pm-2tb-silver,435000,ichiban
2026-09-24,pm-512-black,288000,morimori
2026-09-24,pm-512-burgundy,288000,morimori
2026-09-24,pm-512-glacier,283000,morimori
2026-09-24,pm-512-silver,282000,ichiban
2026-09-25,pm-1tb-black,359000,mix
2026-09-25,pm-1tb-burgundy,359000,mix
2026-09-25,pm-1tb-glacier,349000,mobaste
2026-09-25,pm-1tb-silver,347000,ichiban
2026-09-25,pm-256-black,262500,mix
2026-09-25,pm-256-burgundy,267000,mix
2026-09-25,pm-256-glacier,248000,morimori
2026-09-25,pm-256-silver,245000,morimori
2026-09-25,pm-2tb-black,438000,morimori
2026-09-25,pm-2tb-burgundy,439000,mix
2026-09-25,pm-2tb-glacier,435000,mix
2026-09-25,pm-2tb-silver,434000,mix
2026-09-25,pm-512-black,288000,mix
2026-09-25,pm-512-burgundy,288000,mix
2026-09-25,pm-512-glacier,279000,mobaste
2026-09-25,pm-512-silver,277000,ichiban
2026-09-30,pm-1tb-black,353000,ichiban
2026-09-30,pm-1tb-burgundy,356000,ichiban
2026-09-30,pm-1tb-glacier,343000,ichiban
2026-09-30,pm-1tb-silver,343000,ichiban
2026-09-30,pm-256-black,240000,ichiban
2026-09-30,pm-256-burgundy,258000,ichiban
2026-09-30,pm-256-glacier,238000,ichiban
2026-09-30,pm-256-silver,235000,ichiban
2026-09-30,pm-2tb-black,430000,ichiban
2026-09-30,pm-2tb-burgundy,430000,ichiban
2026-09-30,pm-2tb-glacier,426000,ichiban
2026-09-30,pm-2tb-silver,426000,ichiban
2026-09-30,pm-512-black,281000,ichiban
2026-09-30,pm-512-burgundy,288000,ichiban
2026-09-30,pm-512-glacier,273000,ichiban
2026-09-30,pm-512-silver,273000,ichiban
